patient_id,visit_1,visit_2,within_30_days
P0003,2025-06-16,2025-06-16,0
P0004,2025-04-22,2025-04-22,0
P0004,2025-05-04,2025-04-22,12
P0007,2025-05-29,2025-05-18,11
P0007,2025-10-27,2025-10-24,3
P0008,2025-08-23,2025-08-11,12
P0010,2025-08-03,2025-07-13,21
P0010,2025-08-19,2025-08-03,16
P0014,2025-08-20,2025-08-05,15
P0018,2025-10-11,2025-09-20,21
P0018,2025-10-27,2025-10-11,16
P0019,2025-10-17,2025-10-11,6
P0022,2025-06-22,2025-06-18,4
P0022,2025-10-30,2025-10-30,0
P0026,2026-02-20,2026-01-27,24
P0029,2026-01-02,2025-12-04,29
P0031,2025-06-06,2025-05-12,25
P0031,2025-07-05,2025-06-06,29
P0033,2025-05-16,2025-05-03,13
P0033,2025-06-12,2025-05-16,27
P0033,2025-08-29,2025-08-23,6
P0033,2025-09-17,2025-08-29,19
P0034,2025-12-13,2025-11-23,20
P0034,2026-01-01,2025-12-13,19
P0035,2025-07-25,2025-07-12,13
P0036,2025-07-13,2025-07-06,7
P0037,2025-10-02,2025-09-20,12
P0038,2025-10-04,2025-09-21,13
P0042,2025-08-13,2025-08-06,7
P0042,2026-02-02,2026-01-13,20
P0042,2026-04-10,2026-04-03,7
P0043,2026-03-28,2026-03-12,16
P0045,2025-05-29,2025-05-09,20
P0045,2025-05-30,2025-05-29,1
P0045,2025-06-05,2025-05-30,6
P0045,2026-01-25,2026-01-09,16
P0048,2025-06-18,2025-06-18,0
P0048,2025-10-07,2025-09-08,29
P0048,2026-02-03,2026-01-14,20
P0048,2026-02-23,2026-02-03,20
P0050,2026-01-04,2025-12-21,14
P0058,2025-12-26,2025-12-23,3
P0058,2026-02-18,2026-01-30,19
P0059,2025-05-19,2025-05-19,0
P0061,2026-01-23,2026-01-01,22
P0064,2025-09-23,2025-09-12,11
P0066,2025-05-31,2025-05-23,8
P0066,2026-02-25,2026-01-29,27
P0066,2026-03-23,2026-02-25,26
P0066,2026-04-11,2026-03-23,19
P0067,2025-10-05,2025-09-16,19
P0070,2026-01-09,2025-12-17,23
P0073,2025-06-06,2025-05-11,26
P0076,2025-11-14,2025-10-15,30
P0080,2026-03-15,2026-03-14,1
P0083,2025-05-09,2025-05-03,6
P0083,2026-03-01,2026-02-14,15
P0083,2026-03-14,2026-03-01,13
P0083,2026-03-19,2026-03-14,5
P0084,2026-03-06,2026-03-01,5
P0087,2025-07-28,2025-07-19,9
P0090,2025-05-26,2025-05-26,0
P0091,2026-03-08,2026-03-05,3
P0095,2026-01-04,2025-12-19,16
P0096,2025-06-07,2025-05-13,25
P0096,2025-06-28,2025-06-07,21
P0096,2025-06-28,2025-06-28,0
P0096,2025-12-29,2025-12-22,7
P0096,2026-03-29,2026-03-14,15
P0096,2026-04-09,2026-03-29,11
P0097,2025-08-01,2025-07-30,2
P0099,2025-05-30,2025-05-02,28
P0099,2026-02-10,2026-01-17,24
P0102,2025-11-26,2025-11-06,20
P0103,2025-10-21,2025-09-21,30
P0107,2025-06-13,2025-06-03,10
P0108,2025-11-01,2025-10-15,17
P0108,2025-12-01,2025-11-01,30
P0108,2026-02-21,2026-01-31,21
P0108,2026-03-08,2026-02-21,15
P0109,2025-06-22,2025-06-13,9
P0114,2025-08-13,2025-08-10,3
P0117,2025-11-09,2025-10-29,11
P0119,2026-02-10,2026-01-16,25
P0120,2025-06-18,2025-05-25,24
P0120,2025-09-29,2025-09-12,17
P0120,2025-12-08,2025-11-24,14
P0120,2026-03-26,2026-03-26,0
P0123,2026-01-09,2026-01-07,2
P0124,2025-10-03,2025-09-16,17
P0125,2025-08-26,2025-08-17,9
P0127,2025-10-24,2025-10-10,14
P0128,2025-08-05,2025-07-25,11
P0129,2025-07-21,2025-07-04,17
P0132,2025-09-26,2025-09-17,9
P0133,2025-09-25,2025-08-30,26
P0133,2025-10-24,2025-09-25,29
P0133,2025-11-12,2025-10-24,19
P0137,2026-01-27,2026-01-06,21
P0142,2025-12-04,2025-11-16,18
P0143,2025-06-19,2025-05-29,21
P0143,2026-02-08,2026-01-14,25
P0152,2025-05-23,2025-05-15,8
P0153,2025-11-09,2025-10-25,15
P0153,2026-02-05,2026-02-05,0
P0155,2025-05-06,2025-05-05,1
P0156,2026-01-31,2026-01-12,19
P0157,2026-01-20,2026-01-05,15
P0163,2025-12-18,2025-12-16,2
P0164,2025-05-29,2025-05-23,6
P0165,2025-04-27,2025-04-13,14
P0165,2025-05-01,2025-04-27,4
P0167,2026-01-18,2026-01-12,6
P0167,2026-04-07,2026-03-27,11
P0171,2026-04-04,2026-03-19,16
P0179,2025-04-25,2025-04-22,3
P0179,2025-11-07,2025-10-18,20
P0180,2025-06-25,2025-05-29,27
P0181,2026-01-09,2025-12-23,17
P0182,2025-07-11,2025-07-09,2
P0182,2025-07-14,2025-07-11,3
P0182,2025-07-14,2025-07-14,0
P0187,2025-07-17,2025-07-09,8
P0189,2025-05-19,2025-05-14,5
P0190,2025-08-24,2025-08-04,20
P0191,2026-03-17,2026-03-01,16
P0192,2025-06-30,2025-06-11,19
P0195,2026-01-22,2026-01-22,0
P0200,2025-08-10,2025-07-29,12
P0201,2025-12-18,2025-11-30,18
P0204,2026-03-01,2026-02-18,11
P0205,2025-05-13,2025-05-13,0
P0207,2026-02-15,2026-01-25,21
P0209,2026-01-05,2025-12-23,13
P0209,2026-01-12,2026-01-05,7
P0209,2026-01-28,2026-01-12,16
P0211,2026-04-02,2026-03-21,12
P0215,2025-12-21,2025-12-21,0
P0216,2025-05-04,2025-04-16,18
P0216,2025-06-24,2025-06-04,20
P0221,2025-10-04,2025-10-01,3
P0222,2025-05-08,2025-04-14,24
P0224,2025-09-18,2025-09-18,0
P0224,2025-09-29,2025-09-18,11
P0224,2026-01-23,2026-01-16,7
P0226,2025-06-08,2025-05-11,28
P0228,2025-12-18,2025-12-09,9
P0234,2025-07-23,2025-07-18,5
P0235,2025-09-04,2025-09-04,0
P0236,2025-09-02,2025-08-23,10
P0240,2025-12-19,2025-12-12,7
P0240,2025-12-31,2025-12-19,12
P0240,2026-02-04,2026-02-04,0
P0241,2026-01-02,2025-12-27,6
P0244,2025-09-02,2025-08-28,5
P0244,2025-09-05,2025-09-02,3
P0244,2025-09-05,2025-09-05,0
P0246,2025-11-21,2025-11-13,8
P0248,2026-02-05,2026-01-31,5
P0248,2026-02-09,2026-02-05,4
P0249,2025-07-02,2025-06-07,25
P0249,2026-01-24,2026-01-05,19
P0251,2026-04-10,2026-03-25,16
P0252,2025-08-17,2025-08-07,10
P0256,2025-05-20,2025-05-18,2
P0256,2025-12-21,2025-11-24,27
P0256,2025-12-21,2025-12-21,0
P0256,2025-12-22,2025-12-21,1
P0257,2025-12-30,2025-12-26,4
P0258,2026-02-11,2026-02-11,0
P0261,2026-02-26,2026-02-05,21
P0262,2026-03-05,2026-02-16,17
P0263,2025-07-04,2025-07-04,0
P0266,2026-03-24,2026-03-09,15
P0267,2026-04-04,2026-03-15,20
P0269,2026-02-14,2026-01-29,16
P0270,2025-05-19,2025-05-10,9
P0270,2025-07-14,2025-06-19,25
P0273,2025-10-19,2025-09-21,28
P0273,2025-10-31,2025-10-19,12
P0273,2025-11-14,2025-10-31,14
P0273,2025-11-19,2025-11-14,5
P0273,2025-11-19,2025-11-19,0
P0273,2026-03-25,2026-03-20,5
P0275,2025-07-15,2025-06-18,27
P0280,2026-03-29,2026-03-26,3
P0281,2026-02-05,2026-01-12,24
P0282,2025-09-05,2025-08-12,24
P0283,2026-01-27,2025-12-29,29
P0284,2025-10-13,2025-10-13,0
P0284,2025-10-28,2025-10-13,15
P0284,2026-03-08,2026-02-09,27
P0284,2026-03-09,2026-03-08,1
P0284,2026-04-08,2026-03-09,30
P0288,2026-03-28,2026-03-20,8
P0288,2026-03-28,2026-03-28,0
P0289,2025-11-03,2025-10-31,3
P0289,2025-12-05,2025-12-05,0
P0291,2026-01-31,2026-01-06,25
P0291,2026-02-02,2026-01-31,2
P0291,2026-02-02,2026-02-02,0
P0291,2026-03-19,2026-03-10,9
P0291,2026-04-12,2026-03-19,24
P0292,2026-01-01,2025-12-20,12
P0293,2025-10-03,2025-09-06,27
P0293,2026-04-09,2026-04-04,5
P0294,2025-10-30,2025-10-30,0
P0294,2025-12-12,2025-12-10,2
P0295,2025-06-24,2025-06-23,1
P0295,2025-11-11,2025-11-11,0
P0296,2025-05-15,2025-04-21,24
P0296,2025-06-09,2025-05-15,25
P0296,2025-07-04,2025-06-09,25
P0296,2025-07-15,2025-07-04,11
P0296,2026-01-06,2025-12-23,14
P0298,2025-07-24,2025-07-22,2
P0304,2026-04-11,2026-04-04,7
P0304,2026-04-11,2026-04-11,0
P0308,2025-10-21,2025-10-02,19
P0308,2025-12-29,2025-12-29,0
P0308,2026-01-28,2025-12-29,30
P0309,2025-08-16,2025-08-04,12
P0310,2025-06-08,2025-05-20,19
P0313,2026-01-26,2026-01-24,2
P0313,2026-02-05,2026-01-26,10
P0313,2026-02-27,2026-02-05,22
P0314,2025-05-01,2025-04-13,18
P0315,2025-08-12,2025-07-25,18
P0315,2025-10-14,2025-10-10,4
P0315,2025-10-26,2025-10-14,12
P0315,2025-10-29,2025-10-26,3
P0316,2025-07-07,2025-06-16,21
P0316,2025-08-02,2025-07-07,26
P0317,2025-06-25,2025-06-02,23
P0319,2025-11-10,2025-10-31,10
P0319,2025-11-13,2025-11-10,3
P0319,2026-03-26,2026-03-26,0
P0324,2026-03-31,2026-03-16,15
P0325,2025-07-17,2025-06-20,27
P0326,2026-02-01,2026-01-26,6
P0326,2026-02-06,2026-02-01,5
P0328,2026-01-22,2026-01-08,14
P0330,2025-08-03,2025-07-06,28
P0330,2026-01-09,2026-01-09,0
P0332,2025-10-20,2025-10-04,16
P0337,2025-04-28,2025-04-28,0
P0337,2025-11-14,2025-11-02,12
P0339,2025-07-17,2025-07-17,0
P0341,2025-07-19,2025-07-19,0
P0341,2025-08-03,2025-07-19,15
P0346,2025-11-08,2025-11-05,3
P0346,2026-04-05,2026-04-05,0
P0346,2026-04-13,2026-04-05,8
P0348,2025-12-08,2025-11-29,9
P0351,2026-02-22,2026-02-20,2
P0352,2025-09-20,2025-08-24,27
P0352,2025-10-14,2025-09-20,24
P0352,2025-11-29,2025-11-29,0
P0356,2025-12-13,2025-12-13,0
P0366,2025-06-16,2025-05-17,30
P0366,2025-10-24,2025-10-10,14
P0366,2025-11-18,2025-10-24,25
P0366,2025-12-05,2025-11-18,17
P0366,2025-12-28,2025-12-05,23
P0369,2025-12-11,2025-11-17,24
P0371,2026-03-14,2026-03-14,0
P0372,2025-05-04,2025-04-13,21
P0376,2025-06-18,2025-06-18,0
P0376,2025-07-03,2025-06-18,15
P0377,2025-10-23,2025-10-11,12
P0378,2025-07-21,2025-06-24,27
P0383,2025-08-15,2025-08-14,1
P0383,2025-10-01,2025-09-26,5
P0384,2025-08-03,2025-07-04,30
P0384,2026-02-01,2026-02-01,0
P0386,2025-09-17,2025-09-04,13
P0386,2026-01-30,2026-01-30,0
P0386,2026-02-03,2026-01-30,4
P0391,2025-07-22,2025-07-09,13
P0395,2025-08-05,2025-07-24,12
P0397,2026-01-13,2025-12-19,25
P0397,2026-01-26,2026-01-13,13
P0398,2026-03-16,2026-02-20,24
P0399,2025-11-27,2025-11-27,0
P0400,2025-10-31,2025-10-15,16
P0401,2025-11-08,2025-10-24,15
P0403,2025-06-03,2025-06-03,0
P0404,2026-01-05,2025-12-16,20
P0411,2026-01-30,2026-01-12,18
P0411,2026-02-15,2026-01-30,16
P0411,2026-02-20,2026-02-15,5
P0414,2025-09-12,2025-08-27,16
P0419,2025-05-09,2025-05-09,0
P0419,2025-10-05,2025-09-16,19
P0419,2025-12-14,2025-12-04,10
P0420,2025-08-30,2025-08-13,17
P0420,2026-01-29,2026-01-28,1
P0421,2025-11-23,2025-11-17,6
P0421,2025-12-06,2025-11-23,13
P0422,2025-10-24,2025-10-24,0
P0425,2026-03-20,2026-03-06,14
P0426,2025-12-19,2025-12-19,0
P0427,2025-06-04,2025-06-04,0
P0427,2025-09-27,2025-09-27,0
P0428,2025-09-01,2025-08-26,6
P0428,2025-09-27,2025-09-01,26
P0432,2026-02-03,2026-01-04,30
P0433,2025-06-27,2025-06-02,25
P0434,2025-09-10,2025-09-02,8
P0438,2025-08-10,2025-07-19,22
P0439,2025-05-29,2025-05-14,15
P0440,2025-12-25,2025-12-05,20
P0441,2026-02-17,2026-01-31,17
P0445,2025-05-06,2025-04-30,6
P0446,2026-03-25,2026-03-08,17
P0447,2026-03-31,2026-03-23,8
P0449,2025-07-26,2025-07-12,14
P0450,2026-01-02,2026-01-01,1
P0450,2026-03-07,2026-02-18,17
P0454,2025-07-02,2025-06-09,23
P0454,2025-07-24,2025-07-02,22
P0456,2025-08-06,2025-08-02,4
P0459,2025-04-25,2025-04-23,2
P0459,2025-05-20,2025-04-25,25
P0459,2025-10-03,2025-10-01,2
P0460,2025-09-27,2025-09-17,10
P0462,2026-03-23,2026-03-23,0
P0463,2025-11-29,2025-11-29,0
P0464,2025-12-02,2025-11-16,16
P0464,2026-03-23,2026-03-06,17
P0466,2025-06-30,2025-06-14,16
P0469,2026-03-17,2026-03-15,2
P0472,2025-07-02,2025-06-07,25
P0477,2025-12-08,2025-11-22,16
P0478,2025-12-12,2025-12-01,11
P0479,2025-06-20,2025-06-09,11
P0479,2025-06-28,2025-06-20,8
P0481,2025-09-04,2025-08-27,8
P0482,2026-02-04,2026-01-08,27
P0483,2025-05-30,2025-05-30,0
P0483,2025-06-03,2025-05-30,4
P0484,2025-05-16,2025-05-03,13
P0485,2025-05-07,2025-04-20,17
P0485,2025-05-21,2025-05-07,14
P0485,2025-06-05,2025-05-21,15
P0486,2025-07-31,2025-07-05,26
P0486,2026-04-01,2026-03-15,17
P0487,2026-01-01,2025-12-28,4
P0496,2025-09-20,2025-09-06,14
P0497,2025-08-23,2025-08-13,10
P0497,2025-12-02,2025-11-09,23
P0497,2025-12-25,2025-12-02,23
P0497,2026-01-07,2025-12-25,13
P0498,2025-07-15,2025-07-15,0
P0498,2026-02-06,2026-02-06,0
P0502,2025-06-12,2025-05-19,24
P0503,2025-11-11,2025-10-30,12
P0503,2025-11-16,2025-11-11,5
P0508,2025-05-10,2025-05-05,5
P0508,2025-07-13,2025-06-14,29
P0508,2025-07-13,2025-07-13,0
P0508,2026-03-17,2026-03-13,4
P0516,2025-08-21,2025-08-20,1
P0516,2025-08-29,2025-08-21,8
P0517,2025-11-22,2025-11-18,4
P0517,2026-03-25,2026-03-17,8
P0523,2025-10-12,2025-10-07,5
P0523,2025-10-23,2025-10-12,11
P0527,2025-06-16,2025-06-16,0
P0527,2025-07-11,2025-06-16,25
P0527,2026-03-04,2026-02-21,11
P0529,2026-01-19,2025-12-23,27
P0531,2026-01-26,2026-01-11,15
P0532,2025-06-12,2025-05-14,29
P0533,2025-05-07,2025-04-23,14
P0535,2025-10-16,2025-10-14,2
P0536,2026-01-08,2026-01-02,6
P0545,2025-07-08,2025-06-18,20
P0549,2026-01-04,2025-12-10,25
P0549,2026-01-05,2026-01-04,1
P0554,2025-08-31,2025-08-04,27
P0554,2026-01-16,2026-01-16,0
P0556,2025-09-15,2025-08-21,25
P0556,2025-12-20,2025-11-27,23
P0556,2026-01-02,2025-12-20,13
P0556,2026-01-22,2026-01-02,20
P0558,2025-11-18,2025-10-27,22
P0558,2026-02-14,2026-02-11,3
P0559,2026-01-08,2025-12-13,26
P0562,2025-10-30,2025-10-30,0
P0565,2026-03-07,2026-02-26,9
P0565,2026-03-12,2026-03-07,5
P0566,2026-01-13,2026-01-10,3
P0569,2025-07-08,2025-07-08,0
P0569,2025-08-04,2025-07-08,27
P0569,2025-10-19,2025-10-13,6
P0572,2025-05-29,2025-05-02,27
P0572,2025-06-13,2025-05-29,15
P0572,2025-09-29,2025-09-27,2
P0572,2025-10-23,2025-09-29,24
P0572,2026-03-25,2026-03-21,4
P0576,2025-10-15,2025-09-21,24
P0576,2025-10-28,2025-10-15,13
P0579,2025-06-27,2025-06-27,0
P0580,2025-05-25,2025-05-08,17
P0583,2026-03-14,2026-02-15,27
P0586,2025-11-03,2025-10-31,3
P0587,2025-09-08,2025-08-10,29
P0588,2025-10-25,2025-10-15,10
P0588,2025-10-26,2025-10-25,1
P0588,2026-01-02,2025-12-04,29
P0588,2026-01-04,2026-01-02,2
P0588,2026-01-04,2026-01-04,0
P0589,2025-08-07,2025-07-20,18
P0589,2025-11-01,2025-10-18,14
P0590,2025-08-16,2025-07-17,30
P0595,2025-09-14,2025-09-03,11
P0595,2025-10-05,2025-09-14,21
P0596,2026-04-12,2026-03-31,12
P0597,2025-11-20,2025-11-20,0
P0598,2025-05-05,2025-04-14,21
P0598,2025-05-16,2025-05-05,11
P0599,2025-04-22,2025-04-18,4
P0601,2025-06-20,2025-05-27,24
P0601,2025-10-07,2025-09-17,20
P0604,2025-09-26,2025-08-28,29
P0607,2026-01-01,2025-12-12,20
P0613,2025-10-18,2025-10-10,8
P0614,2025-07-23,2025-07-23,0
P0614,2026-03-03,2026-03-01,2
P0617,2025-06-26,2025-06-11,15
P0617,2025-06-26,2025-06-26,0
P0626,2025-09-16,2025-08-24,23
P0626,2025-11-07,2025-10-17,21
P0627,2025-07-16,2025-06-27,19
P0627,2025-07-16,2025-07-16,0
P0630,2026-03-30,2026-02-28,30
P0633,2025-06-16,2025-05-17,30
P0635,2026-02-15,2026-02-07,8
P0635,2026-03-29,2026-03-29,0
P0640,2025-07-29,2025-07-26,3
P0640,2025-08-06,2025-07-29,8
P0640,2026-01-27,2026-01-27,0
P0645,2025-05-08,2025-04-15,23
P0645,2025-05-20,2025-05-08,12
P0645,2025-11-16,2025-11-15,1
P0645,2025-12-10,2025-11-16,24
P0646,2025-07-31,2025-07-05,26
P0648,2025-05-14,2025-04-21,23
P0648,2025-06-07,2025-05-14,24
P0648,2025-10-29,2025-10-21,8
P0648,2026-04-08,2026-03-14,25
P0649,2025-05-01,2025-04-30,1
P0653,2025-12-22,2025-12-22,0
P0654,2025-07-16,2025-07-16,0
P0664,2025-08-22,2025-08-22,0
P0665,2025-12-03,2025-11-18,15
P0665,2026-02-20,2026-02-16,4
P0665,2026-03-01,2026-02-20,9
P0666,2026-02-08,2026-02-08,0
P0675,2025-08-31,2025-08-19,12
P0675,2025-09-06,2025-08-31,6
P0679,2025-05-28,2025-05-01,27
P0679,2025-06-20,2025-05-28,23
P0680,2026-02-07,2026-01-20,18
P0682,2025-12-06,2025-11-24,12
P0683,2025-12-22,2025-12-02,20
P0683,2025-12-25,2025-12-22,3
P0688,2025-08-01,2025-07-26,6
P0690,2026-01-13,2025-12-20,24
P0690,2026-02-03,2026-01-13,21
P0691,2025-12-28,2025-12-10,18
P0692,2025-10-09,2025-09-28,11
P0692,2025-10-26,2025-10-09,17
P0693,2026-03-07,2026-02-19,16
P0693,2026-03-12,2026-03-07,5
P0694,2025-05-31,2025-05-15,16
P0694,2025-11-10,2025-11-10,0
P0694,2025-11-11,2025-11-10,1
P0694,2025-11-28,2025-11-11,17
P0700,2025-08-12,2025-07-18,25
P0701,2025-08-13,2025-08-12,1
P0703,2025-12-25,2025-12-06,19
P0703,2026-01-16,2025-12-25,22
P0703,2026-02-05,2026-01-16,20
P0703,2026-02-28,2026-02-05,23
P0707,2025-12-31,2025-12-12,19
P0709,2025-09-19,2025-09-19,0
P0709,2025-10-18,2025-09-19,29
P0709,2025-11-28,2025-11-22,6
P0710,2025-09-19,2025-09-16,3
P0710,2025-11-13,2025-10-21,23
P0711,2025-10-20,2025-09-28,22
P0716,2025-07-30,2025-07-06,24
P0718,2025-08-14,2025-07-26,19
P0718,2025-09-01,2025-08-14,18
P0719,2026-03-15,2026-02-19,24
P0719,2026-03-25,2026-03-15,10
P0719,2026-03-26,2026-03-25,1
P0720,2025-06-15,2025-06-15,0
P0721,2025-11-08,2025-10-16,23
P0721,2026-04-02,2026-03-25,8
P0722,2025-11-17,2025-10-28,20
P0724,2025-10-03,2025-09-19,14
P0724,2025-10-31,2025-10-03,28
P0724,2026-03-24,2026-03-20,4
P0724,2026-03-30,2026-03-24,6
P0725,2025-09-10,2025-09-07,3
P0728,2025-04-28,2025-04-24,4
P0728,2025-05-15,2025-04-28,17
P0728,2025-10-23,2025-10-08,15
P0728,2025-10-24,2025-10-23,1
P0730,2025-12-16,2025-12-01,15
P0731,2025-06-12,2025-05-28,15
P0732,2026-01-19,2026-01-10,9
P0734,2025-11-19,2025-11-10,9
P0743,2025-12-14,2025-11-23,21
P0746,2025-11-17,2025-11-02,15
P0747,2025-12-06,2025-12-04,2
P0747,2026-04-05,2026-03-21,15
P0750,2025-05-13,2025-05-08,5
P0752,2025-09-21,2025-09-07,14
P0752,2025-09-27,2025-09-21,6
P0753,2026-01-29,2026-01-29,0
P0754,2025-08-03,2025-07-16,18
P0755,2025-09-26,2025-09-15,11
P0755,2025-11-28,2025-11-17,11
P0755,2025-12-05,2025-11-28,7
P0755,2026-02-21,2026-02-04,17
P0759,2026-01-22,2026-01-20,2
P0759,2026-03-24,2026-03-23,1
P0761,2025-09-03,2025-08-14,20
P0761,2025-09-14,2025-09-03,11
P0761,2025-10-04,2025-09-14,20
P0761,2025-10-27,2025-10-04,23
P0763,2025-12-04,2025-11-15,19
P0765,2026-02-21,2026-02-14,7
P0765,2026-02-26,2026-02-21,5
P0767,2026-03-26,2026-03-25,1
P0767,2026-03-26,2026-03-26,0
P0768,2025-10-13,2025-10-05,8
P0769,2025-06-09,2025-05-15,25
P0771,2025-06-08,2025-06-08,0
P0774,2026-03-12,2026-03-08,4
P0777,2025-10-25,2025-10-21,4
P0790,2025-11-01,2025-10-16,16
P0790,2026-02-15,2026-02-14,1
P0791,2025-06-01,2025-05-30,2
P0793,2025-10-15,2025-09-24,21
P0794,2025-06-08,2025-06-08,0
P0799,2025-07-06,2025-06-19,17
P0801,2025-11-24,2025-11-15,9
P0808,2025-11-18,2025-11-18,0
P0813,2025-05-30,2025-05-23,7
P0813,2026-01-14,2025-12-21,24
P0813,2026-01-26,2026-01-14,12
P0813,2026-03-02,2026-03-02,0
P0814,2025-04-23,2025-04-13,10
P0814,2025-05-21,2025-04-23,28
P0814,2025-10-09,2025-09-15,24
P0815,2025-10-12,2025-09-17,25
P0815,2026-02-14,2026-01-26,19
P0816,2025-05-10,2025-05-04,6
P0816,2025-05-14,2025-05-10,4
P0819,2026-02-11,2026-01-30,12
P0819,2026-03-01,2026-02-11,18
P0821,2026-03-14,2026-03-06,8
P0822,2025-05-27,2025-05-16,11
P0822,2025-11-17,2025-11-17,0
P0822,2025-11-23,2025-11-17,6
P0825,2025-09-01,2025-08-21,11
P0826,2025-06-05,2025-05-15,21
P0826,2025-11-27,2025-11-17,10
P0826,2026-03-06,2026-03-06,0
P0829,2025-05-01,2025-05-01,0
P0830,2025-12-23,2025-11-27,26
P0832,2026-02-24,2026-02-01,23
P0832,2026-03-14,2026-02-24,18
P0836,2025-11-27,2025-11-17,10
P0839,2025-08-25,2025-08-08,17
P0839,2026-01-03,2025-12-22,12
P0843,2025-08-01,2025-07-31,1
P0845,2025-09-22,2025-09-15,7
P0848,2025-12-17,2025-12-05,12
P0851,2025-05-04,2025-04-30,4
P0851,2025-05-27,2025-05-04,23
P0855,2025-05-22,2025-05-11,11
P0855,2025-06-06,2025-05-22,15
P0859,2025-06-24,2025-05-29,26
P0859,2025-12-21,2025-11-21,30
P0860,2025-05-08,2025-05-08,0
P0861,2026-01-26,2026-01-13,13
P0865,2025-06-03,2025-05-31,3
P0866,2025-09-06,2025-08-27,10
P0868,2025-12-27,2025-12-12,15
P0869,2025-05-02,2025-04-22,10
P0869,2025-05-11,2025-05-02,9
P0869,2025-10-29,2025-10-29,0
P0869,2026-01-02,2025-12-14,19
P0873,2025-06-15,2025-06-15,0
P0873,2026-02-12,2026-01-13,30
P0877,2025-11-06,2025-10-09,28
P0878,2025-12-15,2025-11-18,27
P0878,2026-03-23,2026-03-02,21
P0879,2026-01-25,2025-12-31,25
P0879,2026-02-05,2026-01-25,11
P0880,2026-03-02,2026-03-02,0
P0881,2025-06-09,2025-05-23,17
P0881,2026-01-23,2025-12-31,23
P0885,2025-12-24,2025-12-23,1
P0887,2026-03-07,2026-03-07,0
P0891,2025-06-02,2025-05-06,27
P0891,2025-06-02,2025-06-02,0
P0892,2025-09-25,2025-08-28,28
P0892,2025-10-14,2025-09-25,19
P0892,2026-02-21,2026-01-31,21
P0895,2025-11-04,2025-10-25,10
P0896,2026-01-13,2025-12-17,27
P0897,2025-07-18,2025-07-05,13
P0897,2026-01-25,2026-01-07,18
P0897,2026-03-08,2026-03-07,1
P0899,2025-05-03,2025-04-17,16
P0900,2025-06-20,2025-06-16,4
P0900,2026-02-24,2026-02-24,0
P0901,2025-08-28,2025-08-27,1
P0901,2025-08-28,2025-08-28,0
P0905,2025-07-10,2025-07-10,0
P0906,2026-03-31,2026-03-13,18
P0908,2025-05-17,2025-05-15,2
P0909,2026-01-20,2025-12-30,21
P0911,2025-06-30,2025-05-31,30
P0914,2025-12-10,2025-11-16,24
P0919,2025-05-06,2025-04-15,21
P0921,2025-12-27,2025-12-22,5
P0922,2026-01-09,2025-12-23,17
P0925,2025-06-19,2025-06-17,2
P0925,2025-07-14,2025-06-19,25
P0926,2025-07-27,2025-07-06,21
P0926,2025-08-26,2025-07-27,30
P0926,2025-09-24,2025-08-26,29
P0930,2026-02-05,2026-01-26,10
P0930,2026-02-05,2026-02-05,0
P0935,2025-07-04,2025-06-18,16
P0936,2025-11-10,2025-11-10,0
P0940,2025-10-27,2025-10-18,9
P0940,2025-11-20,2025-10-27,24
P0940,2026-02-14,2026-01-28,17
P0942,2025-05-20,2025-04-25,25
P0942,2025-06-12,2025-05-20,23
P0942,2025-07-01,2025-06-12,19
P0944,2026-01-27,2026-01-26,1
P0944,2026-02-18,2026-01-27,22
P0950,2025-07-05,2025-06-18,17
P0954,2025-11-22,2025-11-22,0
P0954,2025-11-22,2025-11-22,0
P0954,2026-01-03,2025-12-24,10
P0954,2026-01-19,2026-01-03,16
P0955,2025-05-30,2025-05-28,2
P0955,2026-02-18,2026-02-05,13
P0956,2025-06-27,2025-06-03,24
P0958,2025-05-13,2025-04-25,18
P0958,2025-05-18,2025-05-13,5
P0958,2025-06-13,2025-05-18,26
P0958,2025-06-13,2025-06-13,0
P0958,2025-12-04,2025-12-03,1
P0962,2025-04-18,2025-04-18,0
P0962,2026-02-22,2026-01-28,25
P0965,2025-09-05,2025-08-19,17
P0965,2025-09-29,2025-09-05,24
P0966,2025-05-02,2025-04-30,2
P0966,2025-05-02,2025-05-02,0
P0966,2025-09-13,2025-09-13,0
P0966,2025-10-07,2025-09-13,24
P0966,2025-10-07,2025-10-07,0
P0967,2025-05-15,2025-04-30,15
P0968,2025-05-16,2025-04-21,25
P0968,2025-11-01,2025-10-22,10
P0969,2025-07-24,2025-06-24,30
P0969,2026-03-02,2026-02-12,18
P0971,2025-11-15,2025-10-23,23
P0972,2025-09-08,2025-09-05,3
P0972,2025-11-28,2025-11-10,18
P0972,2025-12-17,2025-11-28,19
P0972,2025-12-28,2025-12-17,11
P0972,2025-12-28,2025-12-28,0
P0976,2026-03-19,2026-02-22,25
P0979,2025-05-07,2025-05-07,0
P0979,2025-07-05,2025-06-09,26
P0979,2025-12-31,2025-12-15,16
P0979,2026-02-23,2026-02-23,0
P0982,2025-12-03,2025-11-18,15
P0982,2025-12-11,2025-12-03,8
P0984,2025-08-10,2025-07-17,24
P0986,2025-05-30,2025-05-07,23
P0986,2025-06-17,2025-05-30,18
P0991,2025-12-31,2025-12-26,5
P0995,2025-07-08,2025-06-20,18
P0995,2025-11-22,2025-11-14,8
P0996,2026-03-19,2026-03-12,7
P0998,2026-01-17,2025-12-24,24
P9999,2025-04-24,2025-04-23,1
P9999,2025-04-29,2025-04-24,5
P9999,2025-05-01,2025-04-29,2
P9999,2025-05-08,2025-05-01,7
P9999,2025-05-08,2025-05-08,0
P9999,2025-05-14,2025-05-08,6
P9999,2025-05-15,2025-05-14,1
P9999,2025-05-26,2025-05-15,11
P9999,2025-05-29,2025-05-26,3
P9999,2025-06-07,2025-05-29,9
P9999,2025-06-09,2025-06-07,2
P9999,2025-06-15,2025-06-09,6
P9999,2025-06-17,2025-06-15,2
P9999,2025-07-02,2025-06-17,15
P9999,2025-07-14,2025-07-02,12
P9999,2025-07-20,2025-07-14,6
P9999,2025-07-23,2025-07-20,3
P9999,2025-07-23,2025-07-23,0
P9999,2025-08-04,2025-07-23,12
P9999,2025-08-05,2025-08-04,1
P9999,2025-08-16,2025-08-05,11
P9999,2025-08-23,2025-08-16,7
P9999,2025-08-27,2025-08-23,4
P9999,2025-09-15,2025-08-27,19
P9999,2025-09-19,2025-09-15,4
P9999,2025-09-28,2025-09-19,9
P9999,2025-10-02,2025-09-28,4
P9999,2025-10-03,2025-10-02,1
P9999,2025-10-03,2025-10-03,0
P9999,2025-10-22,2025-10-03,19
P9999,2025-10-23,2025-10-22,1
P9999,2025-11-03,2025-10-23,11
P9999,2025-11-08,2025-11-03,5
P9999,2025-11-16,2025-11-08,8
P9999,2025-11-19,2025-11-16,3
P9999,2025-11-20,2025-11-19,1
P9999,2025-11-22,2025-11-20,2
P9999,2025-11-28,2025-11-22,6
P9999,2025-12-08,2025-11-28,10
P9999,2025-12-09,2025-12-08,1
P9999,2025-12-21,2025-12-09,12
P9999,2025-12-24,2025-12-21,3
P9999,2025-12-25,2025-12-24,1
P9999,2026-01-01,2025-12-25,7
P9999,2026-01-08,2026-01-01,7
P9999,2026-01-12,2026-01-08,4
P9999,2026-03-07,2026-03-01,6
P9999,2026-03-10,2026-03-07,3
P9999,2026-03-19,2026-03-10,9
P9999,2026-03-23,2026-03-19,4
P9999,2026-03-28,2026-03-23,5
P9999,2026-04-03,2026-03-28,6
